[ 
   { 
      "id":"EVNT00046103",
      "month":"DEC",
      "status":"Approved",
      "beneficiaryName":"",
      "eventDescription":"",
      "totalVolunteers":14,
      "totalVolunteerHours":28,
      "totalTravelHours":14,
      "poccontactNumber":8796422224,
      "baseLocation":"Chennai",
      "venueAddress":"Gandhi Rd, Ranganathapuram, Tambaram, Tambaram,India-600045",
      "council_Name":"Chennai BFS Outreach",
      "project":"Be a Teacher",
      "category":"Multiple Subjects",
      "eventName":"",
      "eventDate":"",
      "livesImpacted":30,
      "activityType":3,
      "pocname":"Srinithi",
      "pocid":680824,
      "overallVolunteeringHours":42
   },
   { 
      "id":"EVNT00046385",
      "month":"DEC",
      "status":"Approved",
      "beneficiaryName":"",
      "eventDescription":"",
      "totalVolunteers":4,
      "totalVolunteerHours":24,
      "totalTravelHours":0,
      "poccontactNumber":9786543212,
      "baseLocation":"United Kingdom",
      "venueAddress":"Havering Drive, Havering Drive, Romford-RM1 4BT",
      "council_Name":"Outreach UK",
      "project":"Community Program",
      "category":"Other Community Programs",
      "eventName":"",
      "eventDate":"",
      "livesImpacted":0,
      "activityType":3,
      "pocname":"Lakshmi",
      "pocid":680832,
      "overallVolunteeringHours":24
   },
   { 
      "id":"EVNT00046530",
      "month":"DEC",
      "status":"Approved",
      "beneficiaryName":"",
      "eventDescription":"",
      "totalVolunteers":2,
      "totalVolunteerHours":5,
      "totalTravelHours":0,
      "poccontactNumber":7897634521,
      "baseLocation":"Pune",
      "venueAddress":"Krantiveer Chapekar Smarak Samitee, Opposite Ram Mandir, Chinchwad Gaon, Pune, Maharashtra, India-411033",
      "council_Name":"Pune QEA LBG Outreach",
      "project":"Be a Teacher",
      "category":"Other Subject",
      "eventName":"",
      "eventDate":"",
      "livesImpacted":20,
      "activityType":4,
      "pocname":"Abinaya",
      "pocid":666239,
      "overallVolunteeringHours":5
   },
   { 
      "id":"EVNT00046531",
      "month":"DEC",
      "status":"Approved",
      "beneficiaryName":"",
      "eventDescription":"",
      "totalVolunteers":2,
      "totalVolunteerHours":4,
      "totalTravelHours":0,
      "poccontactNumber":8976453213,
      "baseLocation":"Pune",
      "venueAddress":"Krantiveer Chapekar Smarak Samitee, Opposite Ram Mandir, Chinchwad Gaon, Pune, Maharashtra, India-411033",
      "council_Name":"Pune QEA LBG Outreach",
      "project":"Be a Teacher",
      "category":"Other Subject",
      "eventName":"",
      "eventDate":"",
      "livesImpacted":2,
      "activityType":4,
      "pocname":"Kayalvizhi",
      "pocid":681047,
      "overallVolunteeringHours":4
   },
   { 
      "id":"EVNT00046588",
      "month":"DEC",
      "status":"Approved",
      "beneficiaryName":"",
      "eventDescription":"",
      "totalVolunteers":2,
      "totalVolunteerHours":4,
      "totalTravelHours":0,
      "poccontactNumber":8642133445,
      "baseLocation":"Chennai",
      "venueAddress":"Chitlapakkam, , , India-600064",
      "council_Name":"Chennai BPS Outreach",
      "project":"Be a Teacher",
      "category":"English",
      "eventName":"",
      "eventDate":"",
      "livesImpacted":2,
      "activityType":4,
      "pocname":"Deenath",
      "pocid":680822,
      "overallVolunteeringHours":4
   },
   { 
      "id":"EVNT00047261",
      "month":"DEC",
      "status":"Approved",
      "beneficiaryName":"",
      "eventDescription":"",
      "totalVolunteers":21,
      "totalVolunteerHours":88,
      "totalTravelHours":42,
      "poccontactNumber":9876532134,
      "baseLocation":"Singapore",
      "venueAddress":"705, Serangoon Road, Singapore, Singapore, Singapore-328127",
      "council_Name":"Outreach Singapore",
      "project":"Donation or Distribution",
      "category":"Essentials or relief",
      "eventName":"",
      "eventDate":"",
      "livesImpacted":800,
      "activityType":1,
      "pocname":"Govardhini",
      "pocid":680828,
      "overallVolunteeringHours":130
   }
]