[
   {
      "id": 1,
      "question": "How do you rate the overall event?",
      "answer": "",
      "feedbackType": "Participated"
   },
   {
      "id": 2,
      "question": "what can be improved in this volunteering activity?",
      "answer": "",
      "feedbackType": "Participated"
   },
   {
      "id": 3,
      "question": "What did you like about volunteering activity?",
      "answer": "",
      "feedbackType": "Participated"
   },
   {
      "id": 4,
      "question":"Hey there you had registered for the event on saturday.We would like to know the reason for not joining the event tounderstand if the team which created the event has some room for improvement in their process, so that weget 100% participation from the registered attendees",
      "answer": "",
      "feedbackType": "Not Participated"
   },
   {
      "id": 5,
      "question":"Hey there please share your feedback for unregistering from the event?",
      "answer": "",
      "feedbackType": "Unregistered"
   },
   {
      "id": 6,
      "question": "How do you rate the overall event?",
      "answer": "",
      "feedbackType": "Participated"
   }
]
